id; age; net income in CHF; country
2076663f-998b-201b-cb18-af7d314fa4fb; 62; 172198.128533; CH
a8ac18ac-deff-1ac7-0962-bb0188525840; 55; 108586.151459; CH
2de3d841-cc0c-ac5a-3b2b-2d918a5c9f2b; 27; 111124.341245; CH
3b0a4b80-164d-1a4c-fd7b-65cbc3275f81; 48; 108902.765857; CH
2fe67a3c-35b1-63cb-e3bf-6007a28bc009; 35; 139104.290850; CH
ddff8cd5-1cde-a56c-aa21-d596613148cd; 35; 47263.787608; FR
f60562a9-1e2f-dc57-b531-aeadc1d57e5d; 36; 38652.555247; FR
a7841b44-e8b7-a5aa-887f-abbb98e51acb; 47; 92232.366460; DE
2fe67a3c-35b1-63cb-e3bf-6007a28bc009; 55; 228656.436275; US
472b0a88-f40f-1ff5-60f7-622f27011033; 79; 110880.305381; FR
b88cac94-6932-3e1f-b748-ce84d729ff45; 33; 18219.611327; FR
f5078574-0ac1-ee33-ba15-5297050f255c; 45; 171282.490711; CH
a8ac18ac-deff-1ac7-0962-bb0188525840; 81; 182879.227188; US
30289553-5085-9b60-ede4-4fdb87ba37dc; 46; 156774.929978; CH
d4876478-0945-40ee-4e10-a93c28c2f4e5; 59; 145968.057300; FR
2a0a4fe0-8460-d8f6-d463-80f0f8bbdec8; 63; 185661.726512; US
472b0a88-f40f-1ff5-60f7-622f27011033; 50; 113920.203587; CH
e53a72f8-1420-eba8-3362-f4f72bccbb24; 48; 253427.202049; US
2076663f-998b-201b-cb18-af7d314fa4fb; 44; 121758.502826; CH
f40036f1-62b4-6814-be2c-d8aa3f335214; 34; 117955.699993; CH
87e00f31-993f-c523-3be9-b030eea87ab2; 56; 132877.236009; DE
f70358fa-764b-0ab7-fd7e-c7fa0491c432; 63; 110973.866581; FR
f6c0b90c-9629-e395-ea42-74a041c601f2; 55; 147090.548469; US
30289553-5085-9b60-ede4-4fdb87ba37dc; 38; 62064.957987; DE
3fb6b173-07b2-5d4f-1879-7745243be968; 45; 177812.626604; CH
fa9a5c97-14c8-bd75-a022-528d15f78488; 33; 69441.968454; FR
afcd2f70-2695-e9df-543b-b73a0bbea6d8; 43; 52839.920274; FR
bb38bbd8-25d0-cc66-0b07-71ee70aff41d; 65; 182889.944594; US
f60562a9-1e2f-dc57-b531-aeadc1d57e5d; 45; 142754.258746; CH
a76aab7e-f6e3-a7f4-d934-16595868e475; 43; 187342.841188; CH
3b1c66cc-beea-a3d4-0536-8b24fd23097e; 55; 188672.798246; US
9b50fbda-b65d-d4eb-a1b0-8d715353c331; 74; 117185.920409; FR
2466b1af-0a7e-e4cc-ea12-45a665a11e4c; 66; 72506.278509; DE
213a860b-f945-8f57-8e02-e931c1935a42; 52; 179051.611217; US
7b86087d-9ddc-65b0-8909-4ea2342b0cda; 57; 170409.726475; FR
9202d6d6-a9a6-527a-1c58-58514899141b; 28; 170979.297417; CH
8bd66a2b-72be-25c6-fbc1-35ff11f3d5d1; 34; 43458.972608; FR
a961e8cb-0b54-9fb4-9bc4-977c85cf3207; 44; 168889.727161; CH
40bd355a-98e7-bfaa-b53a-cadce409587e; 68; 194325.177573; CH
d8324b30-5f63-48e4-e8d5-a733b2404c15; 58; 201000.704751; US
4551afe0-43c1-7ceb-566a-57ede93d41d0; 34; 121876.293931; CH
d0aeaf76-7475-e265-0eff-62d11bc4a6d4; 43; 76335.622599; FR
826e4b47-ede6-7cdf-410d-9e2deb7786ea; 53; 106269.784567; FR
ca4d136c-4343-0d53-75f8-7376475a8127; 74; 129443.541513; FR
fe9c8e36-241d-80a9-2271-b4771692df04; 31; 80450.848949; CH
b048879a-850f-646d-e789-cffe071e1873; 30; 73085.317918; FR
2a0a4fe0-8460-d8f6-d463-80f0f8bbdec8; 58; 158051.438760; CH
002f6006-d9f7-4cfb-4208-fa83274c325a; 60; 189519.371382; CH
2699eeaf-aa82-21d3-3207-eb35b74b30f7; 20; 44002.953835; FR
2de3d841-cc0c-ac5a-3b2b-2d918a5c9f2b; 41; 158905.426556; CH
ffc0c069-8346-8443-4ef9-de46e9f85593; 36; 109912.251548; CH
492cc69d-878b-bff2-ad41-cf45c0d3d85d; 73; 157552.614301; CH
b121d01c-264c-9e5a-615c-29ad17f4e208; 67; 62759.384650; DE
41c9ca64-8dcb-2d72-9403-8369f12c0064; 39; 72731.436053; FR
2466b1af-0a7e-e4cc-ea12-45a665a11e4c; 45; 31253.139255; FR
1410d849-f4bd-730d-e1f3-84ac12cb7156; 45; 183238.887676; US
bc952b8a-c006-bd03-4739-d33ea8a87d4c; 60; 81664.832909; FR
27a349f0-aad9-0aa2-6911-229d878aa76a; 27; 119138.347421; CH
fec91c54-c302-76a0-68af-fbe3061e3ded; 57; 109546.343683; DE
04c5a4f0-cf49-5660-0693-6fc0c89b392c; 46; 105802.409183; FR
ed893478-8916-bb89-d392-16f5bc4c9287; 41; 70062.223110; DE
ee14791d-96ad-57b7-11ea-c333192256a2; 35; 130708.975922; CH
06f740a1-9a13-8f3b-2b6a-a8070b76b60d; 61; 101134.457392; FR
febd270b-00f3-706d-70cb-2e8d5659876f; 41; 57077.817061; FR
10b5d66a-c65e-b16d-069a-5f6acd68f2de; 47; 140021.008141; CH
e53a72f8-1420-eba8-3362-f4f72bccbb24; 43; 214522.668374; CH
d092b26d-dbcc-e06a-a2dc-eb32e2685c4a; 39; 117799.014761; LI
fb39b266-ea63-a377-2b90-61785db907b2; 46; 48259.173121; FR
ebbe8084-9313-bb73-59a5-e7d485cb280b; 64; 103314.664709; FR
1f683c30-444f-5321-e455-0dc6c0187bd6; 49; 68547.118580; DE
075cb03c-265f-b443-14b2-db23d4ca490d; 59; 179275.142225; CH
90497b4a-4f66-dcdd-d215-89cb8a5fe1f3; 37; 113117.896782; CH
611a96f0-911c-3a74-96a2-4c894fe828b6; 52; 69868.728134; FR
41c9ca64-8dcb-2d72-9403-8369f12c0064; 34; 143641.914738; CH
a195a7d2-cc31-abb5-cf3e-d87908bd717d; 49; 80171.160679; FR
21fe459f-bd8c-dc1b-7b8a-2bbf0acad264; 38; 124276.800438; CH
cd75a88d-1a7c-cef1-61e8-b2eecbd80842; 37; 179074.567511; US
960d149c-1fca-9f24-d36b-fcbcf2e38309; 72; 95510.306200; DE
27a349f0-aad9-0aa2-6911-229d878aa76a; 51; 118707.521131; FR
44bac4e6-a663-49ef-fa38-e59ebadaeafb; 68; 157732.602813; US
2405ad6d-70d2-542d-91d3-28da2453059a; 37; 73561.795484; DE
d379598c-e36e-4e0a-0377-c136f1e5c32b; 47; 137851.878257; FR
06f740a1-9a13-8f3b-2b6a-a8070b76b60d; 36; 107422.971594; CH
ca4d136c-4343-0d53-75f8-7376475a8127; 64; 177869.617927; CH
95e68b93-4001-1a9b-96fc-fdad37cac07e; 53; 125786.864503; CH
6afe2229-805f-b5f4-6f9d-284da10a561c; 52; 226515.380829; US
67f16e94-673e-534b-2076-fcf08e0acee0; 71; 212640.046164; US
ec36082d-0c22-6a82-3c06-4f302b7851a6; 43; 141274.367363; CH
ee14791d-96ad-57b7-11ea-c333192256a2; 55; 216063.463882; US
2544837e-dd6d-ee5f-07e2-95cad01a2e85; 63; 201608.700432; CH
ebbe8084-9313-bb73-59a5-e7d485cb280b; 59; 183314.664709; US
a9bca870-fae4-1986-c231-c361d5afca35; 32; 168944.170361; CH
1203ff14-9f7a-45ae-6eb6-7534a75fece2; 35; 54693.202663; FR
e7d693e2-1f54-6de0-ef35-f89292bf7ff4; 57; 194295.645309; US
1410d849-f4bd-730d-e1f3-84ac12cb7156; 40; 156032.406396; CH
2466b1af-0a7e-e4cc-ea12-45a665a11e4c; 61; 152506.278509; US
e82b249a-3ed9-477d-f244-d8d284f0b6ea; 40; 206805.558398; CH
27d472a2-5337-180e-627e-8617626c1e88; 44; 96609.086035; FR
213a860b-f945-8f57-8e02-e931c1935a42; 37; 44525.805609; FR
9f034d32-0cb8-8eeb-c722-85b0ac7c40eb; 71; 118704.769578; FR
7b86087d-9ddc-65b0-8909-4ea2342b0cda; 47; 212008.105396; CH
5966a1ef-c579-f2c4-33a4-2bf02968c189; 36; 118600.331944; CH
7691778b-ea70-41f0-eaf3-c449ecedb84b; 38; 152495.998779; CH
268cda71-fbd9-0693-59ab-9905779cd465; 30; 54180.025023; FR
778b5fc2-4f75-416c-a710-a0b1eb7a9ce0; 51; 129781.625193; CH
41836ff5-1281-3308-ab1c-d98dd963df87; 55; 87871.487784; FR
2a0a4fe0-8460-d8f6-d463-80f0f8bbdec8; 46; 47830.863256; FR
8bd66a2b-72be-25c6-fbc1-35ff11f3d5d1; 47; 176917.945217; US
fb39b266-ea63-a377-2b90-61785db907b2; 63; 186518.346243; US
2fb8de18-0386-7b60-55f4-c258bcb7725f; 25; 137412.581769; LI
3d3255c7-bb6e-60ee-57d9-12042b692cac; 18; 120229.608016; CH
062f7012-be7a-1a07-5468-1ee06113ae7c; 50; 59761.437959; FR
778b5fc2-4f75-416c-a710-a0b1eb7a9ce0; 70; 182227.031491; CH
139f7146-ade0-7b9e-bd50-e32c9058a891; 29; 66627.168062; FR
8a4fecaf-d861-c06f-5a2b-89913c68a0d0; 50; 175833.652928; CH
b121d01c-264c-9e5a-615c-29ad17f4e208; 57; 122299.487208; CH
3d7da680-4837-18be-1836-b6a033d090a8; 62; 199936.893973; CH
2405ad6d-70d2-542d-91d3-28da2453059a; 44; 175936.325807; CH
23e349a3-5b39-6591-7210-74a0dc80ded3; 43; 173732.306108; CH
a7841b44-e8b7-a5aa-887f-abbb98e51acb; 32; 56116.183230; DE
afcd2f70-2695-e9df-543b-b73a0bbea6d8; 38; 117119.893699; CH
0cff15f1-f1f3-7c77-b331-21dbb82b0189; 51; 143886.883830; FR
472b0a88-f40f-1ff5-60f7-622f27011033; 57; 65440.152691; DE
0df02289-85ca-9731-15f4-ed5a9da9454e; 52; 55605.288139; FR
f60562a9-1e2f-dc57-b531-aeadc1d57e5d; 55; 87305.110495; FR
a195a7d2-cc31-abb5-cf3e-d87908bd717d; 44; 153561.547572; CH
f49a0098-f85d-6cec-e1f8-15493c2e5cc5; 74; 47733.116521; FR
ddff8cd5-1cde-a56c-aa21-d596613148cd; 54; 104527.575215; DE
a8d83359-9f6a-532c-c828-997205f59939; 49; 171940.293182; CH
f70358fa-764b-0ab7-fd7e-c7fa0491c432; 44; 65486.933290; DE
9f8bb513-c229-68f7-19fa-211c28dca541; 38; 71382.365402; FR
b88cac94-6932-3e1f-b748-ce84d729ff45; 52; 46439.222653; DE
5a5727d5-9fa1-1a11-44e1-88d3d169569f; 53; 187968.856878; CH
bc952b8a-c006-bd03-4739-d33ea8a87d4c; 35; 94443.221939; CH
b88cac94-6932-3e1f-b748-ce84d729ff45; 42; 108699.352211; CH
73e3a17a-9b66-6050-07f0-41f703f74086; 34; 162196.745998; CH
6c1bc6d7-69a1-3f8a-170a-454d6ae8385e; 46; 88234.399645; DE
cae3ba19-2979-17f7-d3c2-e0f84110bdaf; 57; 126924.067151; FR
b88cac94-6932-3e1f-b748-ce84d729ff45; 47; 126439.222653; US
5883b750-ed2d-2a96-a081-4abf6274ba03; 50; 120471.709125; CH
44bac4e6-a663-49ef-fa38-e59ebadaeafb; 63; 134777.169010; CH
062f7012-be7a-1a07-5468-1ee06113ae7c; 52; 74761.437959; DE
52779d68-ddbd-4e99-d88e-32658d73e756; 44; 51990.128754; FR
3c59ec2c-ac1f-25ce-cf77-bb2144e19319; 39; 101270.842059; CH
457dcd30-9402-22d9-3d75-26b3d1e3678b; 61; 176568.565926; CH
9f8bb513-c229-68f7-19fa-211c28dca541; 33; 141843.153870; CH
85a8561b-4097-da71-d8b2-0a7419988216; 32; 139679.478833; CH
10b5d66a-c65e-b16d-069a-5f6acd68f2de; 65; 195026.260176; CH
1a00aeec-9958-3bc3-1fc5-8b953b8c7266; 33; 109231.324901; CH
4148a55a-f1e9-e73a-01f2-1d6294faeded; 42; 228589.235476; CH
e063999d-2291-403a-8d48-9a1c8e8fe070; 42; 35758.098038; FR
8bd66a2b-72be-25c6-fbc1-35ff11f3d5d1; 52; 96917.945217; DE
25aaaf17-5531-fac5-f52b-b4d47996eeae; 42; 171040.137154; CH
b1aaacce-75ac-456e-a7bc-864c5f9616f8; 56; 149887.006696; FR
ba1bc340-64da-5d6b-ebc1-809d6dbd27a2; 35; 71019.737733; FR
ec26e70b-b757-63a8-b0b5-6487c5bd585d; 53; 177758.575976; CH
f6c0b90c-9629-e395-ea42-74a041c601f2; 40; 28545.274234; FR
826e4b47-ede6-7cdf-410d-9e2deb7786ea; 36; 63134.892284; DE
e53a061e-e9ec-02dd-cd17-130c71430370; 45; 226940.929480; CH
afcd2f70-2695-e9df-543b-b73a0bbea6d8; 64; 115679.840548; FR
5dea1b05-9adb-f6be-9d2c-a7299983fe2f; 46; 155423.028083; CH
6c9d65fb-129b-895c-2c6d-0f0f78f3d7a9; 48; 229709.684975; US
76a68e72-db95-cb68-1741-2d7d8c787423; 42; 225161.762899; US
ebbe8084-9313-bb73-59a5-e7d485cb280b; 45; 61657.332355; DE
a961e8cb-0b54-9fb4-9bc4-977c85cf3207; 54; 118667.672593; DE
2699eeaf-aa82-21d3-3207-eb35b74b30f7; 35; 98005.907670; DE
21fe459f-bd8c-dc1b-7b8a-2bbf0acad264; 54; 175346.000547; CH
fec91c54-c302-76a0-68af-fbe3061e3ded; 39; 64773.171842; DE
ec36082d-0c22-6a82-3c06-4f302b7851a6; 53; 85529.240835; DE
a9b8d4db-c87b-e967-6005-8b550eddb54c; 38; 161903.967869; CH
44bac4e6-a663-49ef-fa38-e59ebadaeafb; 45; 91821.735208; CH
1c2398aa-13dd-2fff-518c-62fefb405623; 50; 228327.465131; US
06f740a1-9a13-8f3b-2b6a-a8070b76b60d; 43; 60567.228696; DE
febd270b-00f3-706d-70cb-2e8d5659876f; 62; 124155.634122; DE
40bd355a-98e7-bfaa-b53a-cadce409587e; 54; 69595.106544; FR
0cff15f1-f1f3-7c77-b331-21dbb82b0189; 41; 189905.736525; CH
b1aaacce-75ac-456e-a7bc-864c5f9616f8; 32; 139924.671131; LI
1dc00275-f1a9-a65d-65ff-7d009e768949; 31; 178024.646933; CH
457dcd30-9402-22d9-3d75-26b3d1e3678b; 43; 125254.852740; CH
472b0a88-f40f-1ff5-60f7-622f27011033; 69; 162400.254484; CH
9d8829d1-ffa7-713f-1402-c06be06bd4ae; 38; 154736.735072; CH
fb39b266-ea63-a377-2b90-61785db907b2; 68; 106518.346243; FR
85a8561b-4097-da71-d8b2-0a7419988216; 47; 194599.348542; CH
e7d693e2-1f54-6de0-ef35-f89292bf7ff4; 36; 116197.096873; CH
0cf868a0-5b02-3c92-f3fd-cf3aebdbbcba; 31; 48323.915379; FR
566f9659-67e3-7805-aff2-506e27616c77; 50; 158594.470554; FR
320ac7ff-82a6-03cf-0e33-6f13f7e62d94; 44; 70032.123796; DE
2135dbf0-c326-c38d-a165-63191f27795f; 70; 183287.111034; FR
d8324b30-5f63-48e4-e8d5-a733b2404c15; 38; 120667.136501; CH
d0aeaf76-7475-e265-0eff-62d11bc4a6d4; 64; 162671.245198; DE
f7633098-74ec-eddb-d40f-5d386f880d82; 49; 184651.051884; CH
41c9ca64-8dcb-2d72-9403-8369f12c0064; 59; 155462.872107; FR
36b440b1-7c67-46b8-c954-3f61d3b88db4; 40; 163596.659947; CH
603d5ac3-aadc-db4a-c72b-97608cbdb0cf; 54; 241456.008436; US
81630491-2905-2576-20d4-155292f9a4e9; 63; 169364.048797; CH
cd75a88d-1a7c-cef1-61e8-b2eecbd80842; 42; 99074.567511; FR
ec26e70b-b757-63a8-b0b5-6487c5bd585d; 37; 126206.860780; CH
27d472a2-5337-180e-627e-8617626c1e88; 29; 58304.543017; DE
a9c27a72-bb7b-efc6-bb4f-04392e504c1f; 62; 201921.425894; CH
156bc89a-5265-7677-3c9f-cd9bd80057cf; 37; 45352.062863; FR
611a96f0-911c-3a74-96a2-4c894fe828b6; 28; 86579.152090; CH
2fb8de18-0386-7b60-55f4-c258bcb7725f; 48; 146118.872654; FR
1203ff14-9f7a-45ae-6eb6-7534a75fece2; 53; 119386.405325; FR
2076663f-998b-201b-cb18-af7d314fa4fb; 72; 122637.754239; FR
6c1bc6d7-69a1-3f8a-170a-454d6ae8385e; 65; 156468.799289; FR
a76aab7e-f6e3-a7f4-d934-16595868e475; 30; 133874.272950; CH
e1b87b6d-9e61-183e-48a7-c6bc656e3dbf; 40; 113032.989100; CH
2699eeaf-aa82-21d3-3207-eb35b74b30f7; 30; 178005.907670; US
9f034d32-0cb8-8eeb-c722-85b0ac7c40eb; 66; 198704.769578; US
e7d693e2-1f54-6de0-ef35-f89292bf7ff4; 52; 165246.371091; CH
5c1b2609-7a41-c139-889f-eb84c285c3a6; 35; 205670.941800; CH
b048879a-850f-646d-e789-cffe071e1873; 48; 156170.635836; FR
294fc241-dd7a-2741-1529-6b2da8aa9b08; 65; 167441.389882; CH
d3a06739-9bcd-19b6-a17f-450a58757185; 47; 110580.050928; DE
5883b750-ed2d-2a96-a081-4abf6274ba03; 68; 170589.636407; CH
0cf868a0-5b02-3c92-f3fd-cf3aebdbbcba; 44; 186647.830758; US
46fb9144-26de-c2c1-143e-ac4299448ff9; 38; 140357.031557; CH
e063999d-2291-403a-8d48-9a1c8e8fe070; 52; 137930.163397; CH
4551afe0-43c1-7ceb-566a-57ede93d41d0; 39; 56407.220448; FR
268cda71-fbd9-0693-59ab-9905779cd465; 48; 118360.050045; FR
fb54860d-cd4e-b35f-999c-06e419b80d7e; 28; 123253.012756; CH
778b5fc2-4f75-416c-a710-a0b1eb7a9ce0; 58; 77336.218895; DE
3a445b83-41ac-a11c-d25f-063f53b6c96e; 32; 124733.586318; CH
80825e33-afed-f043-27c6-b00dd1a83c05; 41; 120459.359987; CH
2fb76f3f-1e59-4dcc-91ed-b0da7368147f; 37; 165160.229148; CH
67f16e94-673e-534b-2076-fcf08e0acee0; 66; 180533.371803; CH
213a860b-f945-8f57-8e02-e931c1935a42; 57; 99051.611217; FR
a195a7d2-cc31-abb5-cf3e-d87908bd717d; 72; 170342.321358; FR
c71d3524-2aad-2c0f-08eb-8ed2af75b4ca; 39; 114966.506708; CH
778b5fc2-4f75-416c-a710-a0b1eb7a9ce0; 80; 134672.437789; FR
611a96f0-911c-3a74-96a2-4c894fe828b6; 42; 128223.940112; CH
27d472a2-5337-180e-627e-8617626c1e88; 22; 104406.057356; LI
81c1938a-2174-3bf1-01e8-55b32754ad8a; 34; 107231.282831; CH
2a0a4fe0-8460-d8f6-d463-80f0f8bbdec8; 68; 105661.726512; DE
d05ab566-9486-9be0-fbf7-9446f5b7ebd4; 40; 65975.688430; FR
4aef465c-1dec-b1de-53b5-72a2bad93450; 34; 116485.403227; CH
2fb8de18-0386-7b60-55f4-c258bcb7725f; 30; 68059.436327; FR
ba1bc340-64da-5d6b-ebc1-809d6dbd27a2; 54; 152039.475465; FR
eaf1a9b8-cc02-9d43-7eba-191569cbfe1d; 55; 152000.152403; CH
3fb6b173-07b2-5d4f-1879-7745243be968; 31; 126250.101283; CH
52779d68-ddbd-4e99-d88e-32658d73e756; 55; 164983.547924; CH
062f7012-be7a-1a07-5468-1ee06113ae7c; 73; 129522.875917; DE
5a5727d5-9fa1-1a11-44e1-88d3d169569f; 58; 221562.628253; US
ddff8cd5-1cde-a56c-aa21-d596613148cd; 37; 62263.787608; DE
8bd66a2b-72be-25c6-fbc1-35ff11f3d5d1; 42; 150764.954347; CH
306d09ec-eec2-f0d7-e303-990d17c17d51; 50; 75034.296934; DE
2de3d841-cc0c-ac5a-3b2b-2d918a5c9f2b; 46; 186686.511867; US
42463c0e-3e6f-18f3-c5a6-7f1618810bd0; 70; 117954.395498; DE
f60562a9-1e2f-dc57-b531-aeadc1d57e5d; 38; 53652.555247; DE
2fb8de18-0386-7b60-55f4-c258bcb7725f; 38; 191765.727211; LI
80825e33-afed-f043-27c6-b00dd1a83c05; 58; 170574.199983; CH
826e4b47-ede6-7cdf-410d-9e2deb7786ea; 43; 158558.153806; CH
36b440b1-7c67-46b8-c954-3f61d3b88db4; 27; 114877.327958; CH
8bd66a2b-72be-25c6-fbc1-35ff11f3d5d1; 29; 104611.963478; CH
1a00aeec-9958-3bc3-1fc5-8b953b8c7266; 47; 156539.156127; CH
d0aeaf76-7475-e265-0eff-62d11bc4a6d4; 54; 205559.370999; CH
a9b8d4db-c87b-e967-6005-8b550eddb54c; 25; 113523.174295; CH
0df02289-85ca-9731-15f4-ed5a9da9454e; 75; 121210.576277; DE
22c44a69-49ea-93b0-219e-1a3da5bd4825; 51; 181138.697746; US
268cda71-fbd9-0693-59ab-9905779cd465; 38; 168633.375038; CH
27a349f0-aad9-0aa2-6911-229d878aa76a; 41; 168922.934276; CH
9f8bb513-c229-68f7-19fa-211c28dca541; 48; 197303.942337; CH
5d5281e2-3a0d-2eed-908e-072a784be218; 70; 133094.257363; DE
36b440b1-7c67-46b8-c954-3f61d3b88db4; 32; 51157.995968; FR
d07d8401-9a22-edfe-ec7c-c73ea7bcb252; 36; 176035.237834; CH
90497b4a-4f66-dcdd-d215-89cb8a5fe1f3; 63; 109676.845173; FR
4aef465c-1dec-b1de-53b5-72a2bad93450; 59; 114728.104840; DE
a8d83359-9f6a-532c-c828-997205f59939; 59; 122328.351819; DE
fa9a5c97-14c8-bd75-a022-528d15f78488; 35; 84441.968454; DE
96e7262c-c0e0-4dd9-3b86-c96a38f9a32f; 36; 147808.920714; CH
81630491-2905-2576-20d4-155292f9a4e9; 46; 119491.239037; CH
5c1b2609-7a41-c139-889f-eb84c285c3a6; 40; 242805.130160; US
320ac7ff-82a6-03cf-0e33-6f13f7e62d94; 42; 55032.123796; FR
d379598c-e36e-4e0a-0377-c136f1e5c32b; 37; 184876.565214; CH
10b5d66a-c65e-b16d-069a-5f6acd68f2de; 75; 150031.512211; DE
2699eeaf-aa82-21d3-3207-eb35b74b30f7; 25; 151671.589725; CH
890b05d4-52c1-99c3-e516-10c48bf1fac5; 32; 177311.341343; CH
2544837e-dd6d-ee5f-07e2-95cad01a2e85; 50; 73965.220259; FR
7ab679c9-19fd-928f-cf4b-f1680d1a0215; 31; 227483.534643; US
492cc69d-878b-bff2-ad41-cf45c0d3d85d; 54; 110042.091441; LI
ebc742e7-dcb4-f08f-f10f-a0c2e46983fa; 28; 110000.753305; CH
611a96f0-911c-3a74-96a2-4c894fe828b6; 47; 149868.728134; US
76a68e72-db95-cb68-1741-2d7d8c787423; 37; 190968.135749; CH
d379598c-e36e-4e0a-0377-c136f1e5c32b; 25; 131901.252171; CH
f6c0b90c-9629-e395-ea42-74a041c601f2; 50; 125908.790391; CH
52779d68-ddbd-4e99-d88e-32658d73e756; 65; 113980.257508; FR
6c1bc6d7-69a1-3f8a-170a-454d6ae8385e; 55; 200390.666074; CH
1f683c30-444f-5321-e455-0dc6c0187bd6; 63; 197094.237159; US
1f683c30-444f-5321-e455-0dc6c0187bd6; 42; 118062.824773; CH
d0aeaf76-7475-e265-0eff-62d11bc4a6d4; 45; 91335.622599; DE
090e6728-318b-7220-494f-e15d7a0ea8fc; 54; 204647.095709; CH
a76aab7e-f6e3-a7f4-d934-16595868e475; 53; 140811.409425; FR
320ac7ff-82a6-03cf-0e33-6f13f7e62d94; 58; 200064.247592; US
febd270b-00f3-706d-70cb-2e8d5659876f; 36; 122770.422748; CH
8a4fecaf-d861-c06f-5a2b-89913c68a0d0; 60; 127000.383513; DE
2db3db7f-621c-844c-963c-d7729778138b; 28; 93211.913219; CH
73e3a17a-9b66-6050-07f0-41f703f74086; 39; 190636.095197; US
a961e8cb-0b54-9fb4-9bc4-977c85cf3207; 30; 119111.781729; CH
a6c3e688-b42f-cfe0-3042-8f6f9f61f688; 51; 115789.087746; FR
e063999d-2291-403a-8d48-9a1c8e8fe070; 62; 81516.196076; FR
fb91373d-cfb2-532d-526a-ff7031620968; 18; 82698.754848; CH
fec91c54-c302-76a0-68af-fbe3061e3ded; 47; 161288.619736; CH
fe9c8e36-241d-80a9-2271-b4771692df04; 45; 120563.561186; CH
5631c566-ee6b-b172-002a-bfb98968defe; 44; 68347.763108; FR
21fe459f-bd8c-dc1b-7b8a-2bbf0acad264; 43; 58207.600328; FR
ed893478-8916-bb89-d392-16f5bc4c9287; 54; 200124.446221; US
b048879a-850f-646d-e789-cffe071e1873; 32; 88085.317918; DE
3d7da680-4837-18be-1836-b6a033d090a8; 45; 143949.515178; CH
f60562a9-1e2f-dc57-b531-aeadc1d57e5d; 50; 167305.110495; US
3d3255c7-bb6e-60ee-57d9-12042b692cac; 38; 120344.412024; FR
4b8fe308-1514-be78-780c-d6ab4cb22d8e; 38; 187020.078516; US
1203ff14-9f7a-45ae-6eb6-7534a75fece2; 30; 119590.936884; CH
30289553-5085-9b60-ede4-4fdb87ba37dc; 31; 109419.943982; CH
41c9ca64-8dcb-2d72-9403-8369f12c0064; 41; 87731.436053; DE
4bf98e50-154d-e215-8013-fd9b062cd359; 68; 218230.800403; US
1f683c30-444f-5321-e455-0dc6c0187bd6; 58; 167578.530966; CH
d07d8401-9a22-edfe-ec7c-c73ea7bcb252; 28; 58621.142701; FR
fa9a5c97-14c8-bd75-a022-528d15f78488; 28; 139255.957938; CH
81c1938a-2174-3bf1-01e8-55b32754ad8a; 59; 100846.924246; DE
8991ebc2-23f2-4a51-5711-d333aad357f7; 60; 220563.572697; US
bc952b8a-c006-bd03-4739-d33ea8a87d4c; 55; 161664.832909; US
213a860b-f945-8f57-8e02-e931c1935a42; 32; 106034.407478; CH
a9c27a72-bb7b-efc6-bb4f-04392e504c1f; 72; 158305.711072; FR
f60562a9-1e2f-dc57-b531-aeadc1d57e5d; 31; 98203.406997; CH
2fb76f3f-1e59-4dcc-91ed-b0da7368147f; 32; 67096.137489; DE
cae3ba19-2979-17f7-d3c2-e0f84110bdaf; 47; 175770.055959; CH
4148a55a-f1e9-e73a-01f2-1d6294faeded; 47; 270307.082571; US
5d5281e2-3a0d-2eed-908e-072a784be218; 60; 180911.881135; CH
ca4d136c-4343-0d53-75f8-7376475a8127; 46; 126295.694342; CH
40bd355a-98e7-bfaa-b53a-cadce409587e; 49; 139460.142059; CH
9202d6d6-a9a6-527a-1c58-58514899141b; 24; 70587.578450; DE
fa9a5c97-14c8-bd75-a022-528d15f78488; 52; 148883.936907; DE
075cb03c-265f-b443-14b2-db23d4ca490d; 42; 127420.113780; CH
3fb6b173-07b2-5d4f-1879-7745243be968; 36; 59687.575962; FR
1dc00275-f1a9-a65d-65ff-7d009e768949; 41; 129629.576319; DE
e53a72f8-1420-eba8-3362-f4f72bccbb24; 29; 155618.134699; CH
a195a7d2-cc31-abb5-cf3e-d87908bd717d; 51; 95171.160679; DE
4aef465c-1dec-b1de-53b5-72a2bad93450; 54; 194728.104840; US
cd75a88d-1a7c-cef1-61e8-b2eecbd80842; 32; 152562.139592; CH
e063999d-2291-403a-8d48-9a1c8e8fe070; 37; 94344.130717; CH
603d5ac3-aadc-db4a-c72b-97608cbdb0cf; 49; 204546.673696; CH
6c9d65fb-129b-895c-2c6d-0f0f78f3d7a9; 34; 69854.842488; FR
d2ad39d8-8d9c-2ed1-4ae2-7ad0c59d8141; 52; 173063.607759; CH
b121d01c-264c-9e5a-615c-29ad17f4e208; 40; 81839.589767; CH
139f7146-ade0-7b9e-bd50-e32c9058a891; 46; 143254.336125; FR
7ab679c9-19fd-928f-cf4b-f1680d1a0215; 26; 192902.945536; CH
d05ab566-9486-9be0-fbf7-9446f5b7ebd4; 60; 141951.376859; DE
0cf868a0-5b02-3c92-f3fd-cf3aebdbbcba; 49; 106647.830758; FR
95e68b93-4001-1a9b-96fc-fdad37cac07e; 38; 84629.491602; CH
fb54860d-cd4e-b35f-999c-06e419b80d7e; 51; 124879.519134; DE
156bc89a-5265-7677-3c9f-cd9bd80057cf; 57; 100704.125725; DE
e7d693e2-1f54-6de0-ef35-f89292bf7ff4; 62; 114295.645309; FR
826e4b47-ede6-7cdf-410d-9e2deb7786ea; 29; 110846.523045; CH
a5655555-3f02-7580-2d95-a0a854bfb06e; 53; 156667.347908; CH
1203ff14-9f7a-45ae-6eb6-7534a75fece2; 37; 69693.202663; DE
a9bca870-fae4-1986-c231-c361d5afca35; 42; 118733.004434; DE
3b1c66cc-beea-a3d4-0536-8b24fd23097e; 60; 108672.798246; DE
c8fb6a6b-5cfc-b51b-419e-380efe0e73f9; 58; 129048.319339; DE
4148a55a-f1e9-e73a-01f2-1d6294faeded; 52; 190307.082571; DE
e82b249a-3ed9-477d-f244-d8d284f0b6ea; 45; 244166.670077; US
9202d6d6-a9a6-527a-1c58-58514899141b; 22; 55587.578450; FR
3b1c66cc-beea-a3d4-0536-8b24fd23097e; 35; 112448.532164; CH
213a860b-f945-8f57-8e02-e931c1935a42; 39; 59525.805609; DE
2a0a4fe0-8460-d8f6-d463-80f0f8bbdec8; 48; 62830.863256; DE
fe9c8e36-241d-80a9-2271-b4771692df04; 36; 25338.136712; FR
afcd2f70-2695-e9df-543b-b73a0bbea6d8; 54; 166399.867123; CH
e53a061e-e9ec-02dd-cd17-130c71430370; 55; 188329.115376; FR
eaf1a9b8-cc02-9d43-7eba-191569cbfe1d; 44; 44200.091442; FR
52779d68-ddbd-4e99-d88e-32658d73e756; 39; 115986.838339; CH
67f16e94-673e-534b-2076-fcf08e0acee0; 53; 61320.023082; FR
21fe459f-bd8c-dc1b-7b8a-2bbf0acad264; 59; 206415.200657; US
87e00f31-993f-c523-3be9-b030eea87ab2; 32; 128584.824006; CH
139f7146-ade0-7b9e-bd50-e32c9058a891; 31; 81627.168062; DE
a9c27a72-bb7b-efc6-bb4f-04392e504c1f; 45; 145537.140715; CH
ac41ae7e-2e5c-b22d-2e58-398b3b920c44; 44; 153510.716583; CH
b048879a-850f-646d-e789-cffe071e1873; 38; 200142.196530; CH
9d8829d1-ffa7-713f-1402-c06be06bd4ae; 25; 107789.388058; CH
fb39b266-ea63-a377-2b90-61785db907b2; 41; 111012.230829; CH
320ac7ff-82a6-03cf-0e33-6f13f7e62d94; 53; 170053.539660; CH
4f32ccbe-f945-d90b-478a-fb1db67c988b; 49; 156892.088349; FR
4551afe0-43c1-7ceb-566a-57ede93d41d0; 58; 122814.440897; DE
890b05d4-52c1-99c3-e516-10c48bf1fac5; 42; 128773.609612; FR
4b8fe308-1514-be78-780c-d6ab4cb22d8e; 33; 159183.398763; CH
5631c566-ee6b-b172-002a-bfb98968defe; 65; 146695.526217; FR
2db3db7f-621c-844c-963c-d7729778138b; 47; 159817.869829; US
5cbf8a2c-71e8-5759-0710-4d3ca67b56a5; 52; 113406.722270; CH
fb54860d-cd4e-b35f-999c-06e419b80d7e; 46; 204879.519134; US
139f7146-ade0-7b9e-bd50-e32c9058a891; 24; 135502.890750; CH
aa78a530-0c8b-3988-ec56-8c1a9f28c0e9; 61; 150719.376164; CH
88a07f9e-6cb3-aa50-a518-9864f00e6fc8; 60; 148315.534498; DE
9202d6d6-a9a6-527a-1c58-58514899141b; 17; 120783.437934; CH
9f8bb513-c229-68f7-19fa-211c28dca541; 40; 86382.365402; DE
cdd8e6ec-e2d3-5c90-431f-ed87a056a7e4; 64; 168224.264214; US
6c1bc6d7-69a1-3f8a-170a-454d6ae8385e; 39; 144312.532860; CH
2405ad6d-70d2-542d-91d3-28da2453059a; 30; 124749.060646; CH
81630491-2905-2576-20d4-155292f9a4e9; 73; 119236.858556; FR
0df02289-85ca-9731-15f4-ed5a9da9454e; 65; 171008.813564; CH
1c2398aa-13dd-2fff-518c-62fefb405623; 36; 69163.732565; FR
e53a72f8-1420-eba8-3362-f4f72bccbb24; 34; 81713.601025; FR
446bd556-0663-53a4-c561-1ef3a4bb434f; 52; 198840.976640; CH
a58cae01-359d-25a1-6e1d-94cdcf9b96b4; 44; 166277.695958; FR
80825e33-afed-f043-27c6-b00dd1a83c05; 63; 200689.039980; US
23e349a3-5b39-6591-7210-74a0dc80ded3; 53; 124478.767330; DE
36b440b1-7c67-46b8-c954-3f61d3b88db4; 50; 112315.991936; FR
4148a55a-f1e9-e73a-01f2-1d6294faeded; 33; 90153.541285; FR
eec198cd-0c34-b85b-0524-1d344f8b1858; 36; 87751.810150; CH
f40036f1-62b4-6814-be2c-d8aa3f335214; 59; 116933.549990; FR
062f7012-be7a-1a07-5468-1ee06113ae7c; 68; 209522.875917; US
062f7012-be7a-1a07-5468-1ee06113ae7c; 45; 126348.583945; CH
e1b87b6d-9e61-183e-48a7-c6bc656e3dbf; 45; 49774.741825; FR
566f9659-67e3-7805-aff2-506e27616c77; 40; 202162.058795; CH
40bd355a-98e7-bfaa-b53a-cadce409587e; 78; 149190.213088; DE
4897d570-2ace-ad89-ebd5-99425683c5d6; 47; 46078.040279; FR
afcd2f70-2695-e9df-543b-b73a0bbea6d8; 45; 67839.920274; DE
2405ad6d-70d2-542d-91d3-28da2453059a; 49; 207123.590969; US
ed893478-8916-bb89-d392-16f5bc4c9287; 49; 170103.705184; CH
2fb76f3f-1e59-4dcc-91ed-b0da7368147f; 42; 194192.274978; US
069ab95d-6e30-dbcf-e6c8-14e804c1cb81; 56; 140753.610337; CH
ed893478-8916-bb89-d392-16f5bc4c9287; 39; 55062.223110; FR
80825e33-afed-f043-27c6-b00dd1a83c05; 68; 120689.039980; FR
7691778b-ea70-41f0-eaf3-c449ecedb84b; 48; 98995.198535; FR
e063999d-2291-403a-8d48-9a1c8e8fe070; 44; 50758.098038; DE
890b05d4-52c1-99c3-e516-10c48bf1fac5; 21; 125849.073075; CH
6afe2229-805f-b5f4-6f9d-284da10a561c; 37; 68257.690415; FR
9f8bb513-c229-68f7-19fa-211c28dca541; 58; 152764.730805; FR
e0f6bc90-4015-db8e-d82c-1087c64526f5; 66; 113960.320547; DE
c16d4be2-af49-90e1-1dac-58b98a390fc5; 38; 150939.538869; CH
320ac7ff-82a6-03cf-0e33-6f13f7e62d94; 63; 120064.247592; FR
c71d3524-2aad-2c0f-08eb-8ed2af75b4ca; 65; 112449.760063; FR
2de3d841-cc0c-ac5a-3b2b-2d918a5c9f2b; 32; 48343.255933; FR
7b86087d-9ddc-65b0-8909-4ea2342b0cda; 33; 153606.484317; CH
a8ac18ac-deff-1ac7-0962-bb0188525840; 86; 102879.227188; DE
6afe2229-805f-b5f4-6f9d-284da10a561c; 32; 137676.920553; CH
febd270b-00f3-706d-70cb-2e8d5659876f; 57; 204155.634122; US
7b86087d-9ddc-65b0-8909-4ea2342b0cda; 52; 250409.726475; US
cae3ba19-2979-17f7-d3c2-e0f84110bdaf; 33; 124616.044767; CH
bc952b8a-c006-bd03-4739-d33ea8a87d4c; 50; 138054.027424; CH
a5655555-3f02-7580-2d95-a0a854bfb06e; 37; 109333.878327; CH
5cbf8a2c-71e8-5759-0710-4d3ca67b56a5; 81; 110110.083405; DE
603d5ac3-aadc-db4a-c72b-97608cbdb0cf; 34; 147637.338957; CH
c71d3524-2aad-2c0f-08eb-8ed2af75b4ca; 55; 163708.133386; CH
5a5727d5-9fa1-1a11-44e1-88d3d169569f; 37; 134375.085502; CH
21fe459f-bd8c-dc1b-7b8a-2bbf0acad264; 64; 126415.200657; FR
40bd355a-98e7-bfaa-b53a-cadce409587e; 56; 84595.106544; DE
7055ba28-51f7-5070-446f-335397b109c5; 40; 216160.094236; CH
1410d849-f4bd-730d-e1f3-84ac12cb7156; 27; 108825.925117; CH
ed57d512-14df-f288-bd9a-32e49a7c413c; 50; 172465.708926; CH
96e7262c-c0e0-4dd9-3b86-c96a38f9a32f; 52; 204761.150892; CH
8991ebc2-23f2-4a51-5711-d333aad357f7; 55; 187136.310581; CH
b9ad3894-ddaf-4e66-c177-dcf137db921a; 31; 33533.915168; FR
5dea1b05-9adb-f6be-9d2c-a7299983fe2f; 56; 102507.633700; FR
075cb03c-265f-b443-14b2-db23d4ca490d; 69; 131130.170670; FR
002f6006-d9f7-4cfb-4208-fa83274c325a; 70; 143423.245659; FR
d07d8401-9a22-edfe-ec7c-c73ea7bcb252; 46; 127242.285401; FR
3ad60516-3605-ec1e-d7b9-3d049669e34e; 45; 126405.852453; LI
ebbe8084-9313-bb73-59a5-e7d485cb280b; 54; 156095.553924; CH
2544837e-dd6d-ee5f-07e2-95cad01a2e85; 73; 157930.440519; FR
ddff8cd5-1cde-a56c-aa21-d596613148cd; 44; 157106.312679; CH
2fe67a3c-35b1-63cb-e3bf-6007a28bc009; 40; 69328.218138; FR
3fb6b173-07b2-5d4f-1879-7745243be968; 38; 74687.575962; DE
a9b8d4db-c87b-e967-6005-8b550eddb54c; 48; 110284.761443; DE
73e3a17a-9b66-6050-07f0-41f703f74086; 22; 113757.396798; CH
731ba551-b131-e5ca-c684-01cab870ca78; 46; 154250.638665; CH
f70358fa-764b-0ab7-fd7e-c7fa0491c432; 53; 162478.222151; CH
590c0119-9609-b08e-b579-48dc2552838e; 55; 186467.504942; CH
9202d6d6-a9a6-527a-1c58-58514899141b; 33; 201175.156901; US
156bc89a-5265-7677-3c9f-cd9bd80057cf; 39; 60352.062863; DE
3fb6b173-07b2-5d4f-1879-7745243be968; 55; 129375.151924; DE
85a8561b-4097-da71-d8b2-0a7419988216; 57; 149519.218250; FR
4aef465c-1dec-b1de-53b5-72a2bad93450; 49; 165606.754034; CH
306d09ec-eec2-f0d7-e303-990d17c17d51; 60; 178390.494890; CH
090e6728-318b-7220-494f-e15d7a0ea8fc; 38; 147717.676568; CH
d379598c-e36e-4e0a-0377-c136f1e5c32b; 42; 217851.878257; US
3b0a4b80-164d-1a4c-fd7b-65cbc3275f81; 77; 103354.148786; FR
bb495cff-ee24-ae29-12e7-344f26b0a933; 74; 132007.943905; FR
fe9c8e36-241d-80a9-2271-b4771692df04; 55; 60676.273423; DE
87e00f31-993f-c523-3be9-b030eea87ab2; 46; 180731.030007; CH
4b8fe308-1514-be78-780c-d6ab4cb22d8e; 21; 111346.719010; CH
268cda71-fbd9-0693-59ab-9905779cd465; 43; 198360.050045; US
27a349f0-aad9-0aa2-6911-229d878aa76a; 34; 69353.760566; DE
3c1692a9-d8d0-e7ed-bbdf-738634fdcfb5; 66; 185221.105426; US
a6c3e688-b42f-cfe0-3042-8f6f9f61f688; 28; 117192.725164; CH
f7633098-74ec-eddb-d40f-5d386f880d82; 59; 137581.262261; FR
2fe67a3c-35b1-63cb-e3bf-6007a28bc009; 60; 148656.436275; DE
fb91373d-cfb2-532d-526a-ff7031620968; 29; 123373.443560; CH
fe9c8e36-241d-80a9-2271-b4771692df04; 50; 140676.273423; US
a9bca870-fae4-1986-c231-c361d5afca35; 37; 198733.004434; US
fb54860d-cd4e-b35f-999c-06e419b80d7e; 41; 174066.265945; CH
e82b249a-3ed9-477d-f244-d8d284f0b6ea; 27; 149444.446718; CH
fe9c8e36-241d-80a9-2271-b4771692df04; 38; 40338.136712; DE
5cbf8a2c-71e8-5759-0710-4d3ca67b56a5; 71; 161758.402837; CH
aa78a530-0c8b-3988-ec56-8c1a9f28c0e9; 71; 96863.251397; FR
cdd8e6ec-e2d3-5c90-431f-ed87a056a7e4; 47; 39112.132107; FR
d3e8a3c8-f004-6c37-b86a-28c7944b2afa; 32; 113806.442336; CH
bf571990-2d0e-addb-4f37-15689f63c7a6; 53; 90434.606949; DE
1dc00275-f1a9-a65d-65ff-7d009e768949; 20; 126419.717546; CH
e53a72f8-1420-eba8-3362-f4f72bccbb24; 53; 173427.202049; FR
5c1b2609-7a41-c139-889f-eb84c285c3a6; 28; 76402.565080; FR
fec91c54-c302-76a0-68af-fbe3061e3ded; 32; 113030.895789; CH
9202d6d6-a9a6-527a-1c58-58514899141b; 38; 121175.156901; FR
08acfedd-d763-ed8d-36e0-7d651b4b8613; 46; 127191.349853; CH
3a445b83-41ac-a11c-d25f-063f53b6c96e; 37; 58550.189738; FR
eaf1a9b8-cc02-9d43-7eba-191569cbfe1d; 65; 98400.182884; FR
826e4b47-ede6-7cdf-410d-9e2deb7786ea; 48; 186269.784567; US
294fc241-dd7a-2741-1529-6b2da8aa9b08; 75; 116929.667858; FR
0df02289-85ca-9731-15f4-ed5a9da9454e; 54; 70605.288139; DE
2fb8de18-0386-7b60-55f4-c258bcb7725f; 32; 83059.436327; DE
f5078574-0ac1-ee33-ba15-5297050f255c; 55; 121538.988853; FR
0cf49f1b-b364-c72c-2e88-f6f1e414ebe3; 34; 70797.749046; DE
320ac7ff-82a6-03cf-0e33-6f13f7e62d94; 37; 120042.831728; CH
0cf868a0-5b02-3c92-f3fd-cf3aebdbbcba; 39; 158873.192298; CH
d3e8a3c8-f004-6c37-b86a-28c7944b2afa; 46; 162258.052920; CH
a7841b44-e8b7-a5aa-887f-abbb98e51acb; 42; 172232.366460; US
0cff15f1-f1f3-7c77-b331-21dbb82b0189; 28; 135924.589220; CH
0cf49f1b-b364-c72c-2e88-f6f1e414ebe3; 40; 171329.581743; CH
04c5a4f0-cf49-5660-0693-6fc0c89b392c; 24; 110534.939455; LI
fa9a5c97-14c8-bd75-a022-528d15f78488; 42; 194069.947423; CH
0cff15f1-f1f3-7c77-b331-21dbb82b0189; 46; 223886.883830; US
8a4fecaf-d861-c06f-5a2b-89913c68a0d0; 35; 124666.922342; CH
44bac4e6-a663-49ef-fa38-e59ebadaeafb; 73; 77732.602813; FR
86eb9eee-034a-4265-6781-7d35a9366092; 66; 105123.255887; DE
c8fb6a6b-5cfc-b51b-419e-380efe0e73f9; 33; 126032.212893; CH
0cf868a0-5b02-3c92-f3fd-cf3aebdbbcba; 26; 111098.553838; CH
2544837e-dd6d-ee5f-07e2-95cad01a2e85; 52; 88965.220259; DE
de178545-4464-fbcc-aa02-7480fcb7d21b; 49; 168045.758096; CH
ed893478-8916-bb89-d392-16f5bc4c9287; 59; 120124.446221; FR
3c1692a9-d8d0-e7ed-bbdf-738634fdcfb5; 48; 47610.552713; FR
4897d570-2ace-ad89-ebd5-99425683c5d6; 69; 102156.080558; FR
e1b87b6d-9e61-183e-48a7-c6bc656e3dbf; 67; 109549.483650; FR
6afe2229-805f-b5f4-6f9d-284da10a561c; 57; 146515.380829; DE
002f6006-d9f7-4cfb-4208-fa83274c325a; 43; 135615.497106; CH
ee14791d-96ad-57b7-11ea-c333192256a2; 60; 136063.463882; FR
30289553-5085-9b60-ede4-4fdb87ba37dc; 51; 184129.915973; US
2de3d841-cc0c-ac5a-3b2b-2d918a5c9f2b; 51; 106686.511867; FR
fb18392e-4281-47a5-5238-40e899438dfa; 52; 108777.919388; DE
f5078574-0ac1-ee33-ba15-5297050f255c; 50; 201538.988853; US
88a07f9e-6cb3-aa50-a518-9864f00e6fc8; 50; 193596.278749; CH
a58cae01-359d-25a1-6e1d-94cdcf9b96b4; 34; 208564.746632; CH
67f16e94-673e-534b-2076-fcf08e0acee0; 76; 132640.046164; DE
5631c566-ee6b-b172-002a-bfb98968defe; 46; 83347.763108; DE
778b5fc2-4f75-416c-a710-a0b1eb7a9ce0; 56; 62336.218895; FR
e1b87b6d-9e61-183e-48a7-c6bc656e3dbf; 62; 189549.483650; US
3fb6b173-07b2-5d4f-1879-7745243be968; 50; 209375.151924; US
67f16e94-673e-534b-2076-fcf08e0acee0; 55; 76320.023082; DE
418baa0a-f73a-81ef-f68d-3c0fe54786de; 61; 35087.169141; DE
8a4fecaf-d861-c06f-5a2b-89913c68a0d0; 55; 207000.383513; US
ca967308-8996-f20a-ae41-c64b01832dc2; 44; 152896.460209; CH
5d5281e2-3a0d-2eed-908e-072a784be218; 43; 128729.504908; CH
ddff8cd5-1cde-a56c-aa21-d596613148cd; 30; 109685.050144; CH
ed57d512-14df-f288-bd9a-32e49a7c413c; 60; 122958.850712; FR
1c2398aa-13dd-2fff-518c-62fefb405623; 31; 138884.976754; CH
81630491-2905-2576-20d4-155292f9a4e9; 68; 199236.858556; US
25aaaf17-5531-fac5-f52b-b4d47996eeae; 52; 121248.164585; DE
306d09ec-eec2-f0d7-e303-990d17c17d51; 43; 126712.395912; CH
062f7012-be7a-1a07-5468-1ee06113ae7c; 63; 177935.729931; CH
8991ebc2-23f2-4a51-5711-d333aad357f7; 39; 133709.048465; CH
bb38bbd8-25d0-cc66-0b07-71ee70aff41d; 48; 46444.972297; FR
156bc89a-5265-7677-3c9f-cd9bd80057cf; 52; 180704.125725; US
ba1bc340-64da-5d6b-ebc1-809d6dbd27a2; 30; 141359.650310; CH
306d09ec-eec2-f0d7-e303-990d17c17d51; 65; 210068.593868; US
22c44a69-49ea-93b0-219e-1a3da5bd4825; 56; 101138.697746; FR
090e6728-318b-7220-494f-e15d7a0ea8fc; 64; 161576.514851; FR
86eb9eee-034a-4265-6781-7d35a9366092; 39; 110082.170591; CH
d092b26d-dbcc-e06a-a2dc-eb32e2685c4a; 65; 116698.522142; FR
590c0119-9609-b08e-b579-48dc2552838e; 65; 139761.005930; FR
c8fb6a6b-5cfc-b51b-419e-380efe0e73f9; 53; 209048.319339; US
afcd2f70-2695-e9df-543b-b73a0bbea6d8; 59; 195679.840548; US
46fb9144-26de-c2c1-143e-ac4299448ff9; 64; 150535.547336; FR
ed893478-8916-bb89-d392-16f5bc4c9287; 34; 120082.964147; CH
d2ad39d8-8d9c-2ed1-4ae2-7ad0c59d8141; 62; 123676.329310; DE
de178545-4464-fbcc-aa02-7480fcb7d21b; 59; 117654.909716; FR
bf571990-2d0e-addb-4f37-15689f63c7a6; 43; 145362.172457; CH
6c9d65fb-129b-895c-2c6d-0f0f78f3d7a9; 36; 84854.842488; DE
1f683c30-444f-5321-e455-0dc6c0187bd6; 47; 53547.118580; FR
b9ad3894-ddaf-4e66-c177-dcf137db921a; 48; 77067.830336; FR
3c1692a9-d8d0-e7ed-bbdf-738634fdcfb5; 61; 157684.254522; CH
418baa0a-f73a-81ef-f68d-3c0fe54786de; 51; 99239.307618; CH
472b0a88-f40f-1ff5-60f7-622f27011033; 74; 190880.305381; US
90497b4a-4f66-dcdd-d215-89cb8a5fe1f3; 53; 161397.370977; CH
a5655555-3f02-7580-2d95-a0a854bfb06e; 58; 184000.817490; US
d0aeaf76-7475-e265-0eff-62d11bc4a6d4; 59; 242671.245198; US
eaf1a9b8-cc02-9d43-7eba-191569cbfe1d; 60; 178400.182884; US
52779d68-ddbd-4e99-d88e-32658d73e756; 46; 66990.128754; DE
fb18392e-4281-47a5-5238-40e899438dfa; 42; 160648.266156; CH
f70358fa-764b-0ab7-fd7e-c7fa0491c432; 58; 190973.866581; US
dfe3f1dd-bb5c-5ad0-5947-50df30bc4be3; 44; 110216.899825; CH
a195a7d2-cc31-abb5-cf3e-d87908bd717d; 62; 211951.934465; CH
ebc742e7-dcb4-f08f-f10f-a0c2e46983fa; 52; 105001.129958; DE
27a349f0-aad9-0aa2-6911-229d878aa76a; 46; 198707.521131; US
f49a0098-f85d-6cec-e1f8-15493c2e5cc5; 46; 71822.077681; CH
41c9ca64-8dcb-2d72-9403-8369f12c0064; 54; 235462.872107; US
3b1c66cc-beea-a3d4-0536-8b24fd23097e; 50; 160560.665205; CH
e82b249a-3ed9-477d-f244-d8d284f0b6ea; 32; 77083.335039; FR
4551afe0-43c1-7ceb-566a-57ede93d41d0; 48; 172345.367414; CH
f6c0b90c-9629-e395-ea42-74a041c601f2; 60; 67090.548469; FR
d07d8401-9a22-edfe-ec7c-c73ea7bcb252; 41; 207242.285401; US
ac41ae7e-2e5c-b22d-2e58-398b3b920c44; 62; 211888.395729; CH
fb18392e-4281-47a5-5238-40e899438dfa; 28; 112518.612925; CH
5c1b2609-7a41-c139-889f-eb84c285c3a6; 23; 148536.753440; CH
5631c566-ee6b-b172-002a-bfb98968defe; 55; 192246.271847; CH
ffc0c069-8346-8443-4ef9-de46e9f85593; 51; 157390.314435; CH
06f740a1-9a13-8f3b-2b6a-a8070b76b60d; 56; 181134.457392; US
cdd8e6ec-e2d3-5c90-431f-ed87a056a7e4; 69; 88224.264214; DE
9d8829d1-ffa7-713f-1402-c06be06bd4ae; 48; 101684.082087; DE
fb39b266-ea63-a377-2b90-61785db907b2; 58; 158765.288536; CH
b32584b7-f59c-c3b6-f636-ad3eb0a06e24; 45; 104816.330389; DE
2fb8de18-0386-7b60-55f4-c258bcb7725f; 43; 226118.872654; US
fb91373d-cfb2-532d-526a-ff7031620968; 39; 64048.132272; FR
86eb9eee-034a-4265-6781-7d35a9366092; 56; 157602.713239; CH
42463c0e-3e6f-18f3-c5a6-7f1618810bd0; 60; 168295.329582; CH
b9ad3894-ddaf-4e66-c177-dcf137db921a; 43; 157067.830336; US
f7633098-74ec-eddb-d40f-5d386f880d82; 34; 131720.841507; CH
3a445b83-41ac-a11c-d25f-063f53b6c96e; 56; 127100.379477; FR
96e7262c-c0e0-4dd9-3b86-c96a38f9a32f; 62; 161713.381071; FR
6c1bc6d7-69a1-3f8a-170a-454d6ae8385e; 60; 236468.799289; US
04c5a4f0-cf49-5660-0693-6fc0c89b392c; 36; 158168.674319; LI
4b8fe308-1514-be78-780c-d6ab4cb22d8e; 43; 107020.078516; DE
e53a061e-e9ec-02dd-cd17-130c71430370; 31; 165552.743584; CH
fec91c54-c302-76a0-68af-fbe3061e3ded; 52; 189546.343683; US
36b440b1-7c67-46b8-c954-3f61d3b88db4; 34; 66157.995968; DE
3ad60516-3605-ec1e-d7b9-3d049669e34e; 63; 178007.315566; CH
2fb76f3f-1e59-4dcc-91ed-b0da7368147f; 30; 52096.137489; FR
b048879a-850f-646d-e789-cffe071e1873; 43; 236170.635836; US
22c44a69-49ea-93b0-219e-1a3da5bd4825; 32; 107425.798497; CH
306d09ec-eec2-f0d7-e303-990d17c17d51; 48; 60034.296934; FR
30289553-5085-9b60-ede4-4fdb87ba37dc; 36; 47064.957987; FR
f40036f1-62b4-6814-be2c-d8aa3f335214; 49; 167444.624991; CH
5dea1b05-9adb-f6be-9d2c-a7299983fe2f; 51; 182507.633700; US
2db3db7f-621c-844c-963c-d7729778138b; 52; 79817.869829; DE
d8324b30-5f63-48e4-e8d5-a733b2404c15; 53; 170833.920626; CH
1203ff14-9f7a-45ae-6eb6-7534a75fece2; 48; 199386.405325; US
a195a7d2-cc31-abb5-cf3e-d87908bd717d; 67; 250342.321358; US
ec26e70b-b757-63a8-b0b5-6487c5bd585d; 63; 129310.291171; DE
41836ff5-1281-3308-ab1c-d98dd963df87; 31; 98580.991856; CH
778b5fc2-4f75-416c-a710-a0b1eb7a9ce0; 75; 214672.437789; US
6c9d65fb-129b-895c-2c6d-0f0f78f3d7a9; 53; 149709.684975; FR
3d3255c7-bb6e-60ee-57d9-12042b692cac; 28; 170287.010020; CH
0df02289-85ca-9731-15f4-ed5a9da9454e; 47; 120807.050852; CH
ee14791d-96ad-57b7-11ea-c333192256a2; 50; 183386.219902; CH
f6c0b90c-9629-e395-ea42-74a041c601f2; 35; 84727.032313; CH
76a68e72-db95-cb68-1741-2d7d8c787423; 47; 145161.762899; FR
960d149c-1fca-9f24-d36b-fcbcf2e38309; 45; 103673.537467; CH
069ab95d-6e30-dbcf-e6c8-14e804c1cb81; 39; 96602.888270; CH
4148a55a-f1e9-e73a-01f2-1d6294faeded; 28; 166871.388380; CH
960d149c-1fca-9f24-d36b-fcbcf2e38309; 62; 149591.921833; CH
ba1bc340-64da-5d6b-ebc1-809d6dbd27a2; 49; 232039.475465; US
08acfedd-d763-ed8d-36e0-7d651b4b8613; 32; 85753.079883; CH
4148a55a-f1e9-e73a-01f2-1d6294faeded; 35; 105153.541285; DE
e53a72f8-1420-eba8-3362-f4f72bccbb24; 36; 96713.601025; DE
e1b87b6d-9e61-183e-48a7-c6bc656e3dbf; 47; 64774.741825; DE
1c2398aa-13dd-2fff-518c-62fefb405623; 55; 148327.465131; FR
2d51c7fa-0dd3-ee3f-320c-0bd2a994cf31; 61; 152356.570106; CH
d4876478-0945-40ee-4e10-a93c28c2f4e5; 49; 191640.047750; CH
e3cc4930-d3d9-7836-c8f7-085b6e23228e; 65; 195215.139512; FR
d07d8401-9a22-edfe-ec7c-c73ea7bcb252; 23; 124828.190268; CH
4bf98e50-154d-e215-8013-fd9b062cd359; 63; 185192.333669; CH
41836ff5-1281-3308-ab1c-d98dd963df87; 45; 143226.239820; CH
1410d849-f4bd-730d-e1f3-84ac12cb7156; 50; 103238.887676; FR
ac41ae7e-2e5c-b22d-2e58-398b3b920c44; 72; 170266.074875; FR
4551afe0-43c1-7ceb-566a-57ede93d41d0; 53; 202814.440897; US
eaf1a9b8-cc02-9d43-7eba-191569cbfe1d; 39; 105600.121923; CH
81c1938a-2174-3bf1-01e8-55b32754ad8a; 54; 180846.924246; US
5d5281e2-3a0d-2eed-908e-072a784be218; 65; 213094.257363; US
a7841b44-e8b7-a5aa-887f-abbb98e51acb; 25; 101488.244306; CH
d3e8a3c8-f004-6c37-b86a-28c7944b2afa; 56; 110709.663504; FR
73e3a17a-9b66-6050-07f0-41f703f74086; 44; 110636.095197; DE
a8ac18ac-deff-1ac7-0962-bb0188525840; 76; 155732.689324; CH
fb18392e-4281-47a5-5238-40e899438dfa; 47; 188777.919388; US
d8324b30-5f63-48e4-e8d5-a733b2404c15; 43; 55500.352375; FR
156bc89a-5265-7677-3c9f-cd9bd80057cf; 32; 107136.083817; CH
139f7146-ade0-7b9e-bd50-e32c9058a891; 36; 189378.613437; CH
6afe2229-805f-b5f4-6f9d-284da10a561c; 39; 83257.690415; DE
3c1692a9-d8d0-e7ed-bbdf-738634fdcfb5; 71; 105221.105426; FR
5631c566-ee6b-b172-002a-bfb98968defe; 39; 137797.017478; CH
2de3d841-cc0c-ac5a-3b2b-2d918a5c9f2b; 34; 63343.255933; DE
603d5ac3-aadc-db4a-c72b-97608cbdb0cf; 59; 161456.008436; DE
2405ad6d-70d2-542d-91d3-28da2453059a; 35; 58561.795484; FR
0cf49f1b-b364-c72c-2e88-f6f1e414ebe3; 32; 55797.749046; FR
10b5d66a-c65e-b16d-069a-5f6acd68f2de; 70; 230031.512211; US
446bd556-0663-53a4-c561-1ef3a4bb434f; 62; 154609.171968; FR
ca967308-8996-f20a-ae41-c64b01832dc2; 62; 211120.575262; CH
de178545-4464-fbcc-aa02-7480fcb7d21b; 34; 118436.606477; CH
d3a06739-9bcd-19b6-a17f-450a58757185; 37; 162150.042440; CH
f49a0098-f85d-6cec-e1f8-15493c2e5cc5; 64; 109777.597101; CH
2fb76f3f-1e59-4dcc-91ed-b0da7368147f; 25; 116128.183318; LI
6c9d65fb-129b-895c-2c6d-0f0f78f3d7a9; 43; 194758.070813; CH
603d5ac3-aadc-db4a-c72b-97608cbdb0cf; 39; 75728.004218; FR
d092b26d-dbcc-e06a-a2dc-eb32e2685c4a; 55; 167248.768451; LI
b9ad3894-ddaf-4e66-c177-dcf137db921a; 33; 48533.915168; DE
f70358fa-764b-0ab7-fd7e-c7fa0491c432; 37; 113982.577721; CH
2d51c7fa-0dd3-ee3f-320c-0bd2a994cf31; 44; 105885.256085; CH
5dea1b05-9adb-f6be-9d2c-a7299983fe2f; 31; 108338.422467; CH
4897d570-2ace-ad89-ebd5-99425683c5d6; 42; 108104.053705; CH
5883b750-ed2d-2a96-a081-4abf6274ba03; 73; 200707.563688; US
1203ff14-9f7a-45ae-6eb6-7534a75fece2; 43; 169488.671104; CH
1c2398aa-13dd-2fff-518c-62fefb405623; 45; 193606.220942; CH
bb38bbd8-25d0-cc66-0b07-71ee70aff41d; 60; 155741.620495; CH
b9ad3894-ddaf-4e66-c177-dcf137db921a; 38; 134223.191947; CH
bb495cff-ee24-ae29-12e7-344f26b0a933; 64; 180006.619921; CH
aa78a530-0c8b-3988-ec56-8c1a9f28c0e9; 44; 104575.500931; CH
ebbe8084-9313-bb73-59a5-e7d485cb280b; 38; 108876.443140; CH
2466b1af-0a7e-e4cc-ea12-45a665a11e4c; 40; 88337.519006; CH
4f32ccbe-f945-d90b-478a-fb1db67c988b; 39; 200743.406958; CH
fa9a5c97-14c8-bd75-a022-528d15f78488; 47; 228883.936907; US
bb38bbd8-25d0-cc66-0b07-71ee70aff41d; 70; 102889.944594; DE
ba1bc340-64da-5d6b-ebc1-809d6dbd27a2; 44; 196699.562888; CH
eec198cd-0c34-b85b-0524-1d344f8b1858; 61; 71627.715225; DE
7055ba28-51f7-5070-446f-335397b109c5; 50; 175392.113083; DE
9f034d32-0cb8-8eeb-c722-85b0ac7c40eb; 44; 119136.513052; CH
46fb9144-26de-c2c1-143e-ac4299448ff9; 54; 195446.289446; CH
b9ad3894-ddaf-4e66-c177-dcf137db921a; 26; 91378.553557; CH
bb38bbd8-25d0-cc66-0b07-71ee70aff41d; 43; 108593.296396; CH
457dcd30-9402-22d9-3d75-26b3d1e3678b; 71; 127882.279111; DE
1f683c30-444f-5321-e455-0dc6c0187bd6; 68; 117094.237159; FR
268cda71-fbd9-0693-59ab-9905779cd465; 25; 118906.700030; CH
4897d570-2ace-ad89-ebd5-99425683c5d6; 64; 182156.080558; US
95e68b93-4001-1a9b-96fc-fdad37cac07e; 63; 66944.237404; FR
27d472a2-5337-180e-627e-8617626c1e88; 39; 176609.086035; US
d05ab566-9486-9be0-fbf7-9446f5b7ebd4; 55; 221951.376859; US
a7841b44-e8b7-a5aa-887f-abbb98e51acb; 30; 41116.183230; FR
a6c3e688-b42f-cfe0-3042-8f6f9f61f688; 41; 166490.906455; CH
5a5727d5-9fa1-1a11-44e1-88d3d169569f; 63; 141562.628253; FR
aa78a530-0c8b-3988-ec56-8c1a9f28c0e9; 66; 176863.251397; US
2135dbf0-c326-c38d-a165-63191f27795f; 60; 222739.259195; CH
3c1692a9-d8d0-e7ed-bbdf-738634fdcfb5; 43; 110147.403617; CH
139f7146-ade0-7b9e-bd50-e32c9058a891; 41; 223254.336125; US
a58cae01-359d-25a1-6e1d-94cdcf9b96b4; 22; 150851.797305; CH
cdd8e6ec-e2d3-5c90-431f-ed87a056a7e4; 49; 54112.132107; DE
dfe3f1dd-bb5c-5ad0-5947-50df30bc4be3; 61; 157771.124781; CH
b88cac94-6932-3e1f-b748-ce84d729ff45; 35; 33219.611327; DE
a7841b44-e8b7-a5aa-887f-abbb98e51acb; 37; 146860.305383; CH
a5655555-3f02-7580-2d95-a0a854bfb06e; 63; 104000.817490; FR
472b0a88-f40f-1ff5-60f7-622f27011033; 55; 50440.152691; FR
5c1b2609-7a41-c139-889f-eb84c285c3a6; 30; 91402.565080; DE
f70358fa-764b-0ab7-fd7e-c7fa0491c432; 42; 50486.933290; FR
731ba551-b131-e5ca-c684-01cab870ca78; 56; 101100.766398; FR
21fe459f-bd8c-dc1b-7b8a-2bbf0acad264; 45; 73207.600328; DE
3c59ec2c-ac1f-25ce-cf77-bb2144e19319; 65; 91906.263089; DE
5c1b2609-7a41-c139-889f-eb84c285c3a6; 45; 162805.130160; FR
156bc89a-5265-7677-3c9f-cd9bd80057cf; 47; 153920.104771; CH
6c1bc6d7-69a1-3f8a-170a-454d6ae8385e; 44; 73234.399645; FR
7ab679c9-19fd-928f-cf4b-f1680d1a0215; 36; 147483.534643; FR
52779d68-ddbd-4e99-d88e-32658d73e756; 60; 193980.257508; US
306d09ec-eec2-f0d7-e303-990d17c17d51; 70; 130068.593868; FR
d8324b30-5f63-48e4-e8d5-a733b2404c15; 45; 70500.352375; DE
9f034d32-0cb8-8eeb-c722-85b0ac7c40eb; 61; 168920.641315; CH
2fe67a3c-35b1-63cb-e3bf-6007a28bc009; 50; 193880.363563; CH
eec198cd-0c34-b85b-0524-1d344f8b1858; 51; 129689.762687; CH
dfe3f1dd-bb5c-5ad0-5947-50df30bc4be3; 71; 105325.349737; DE
30289553-5085-9b60-ede4-4fdb87ba37dc; 56; 104129.915973; FR
b048879a-850f-646d-e789-cffe071e1873; 25; 144113.757224; CH
0cf49f1b-b364-c72c-2e88-f6f1e414ebe3; 27; 121063.665395; CH
3b0a4b80-164d-1a4c-fd7b-65cbc3275f81; 67; 156128.457321; CH
c8fb6a6b-5cfc-b51b-419e-380efe0e73f9; 48; 177540.266116; CH
294fc241-dd7a-2741-1529-6b2da8aa9b08; 47; 117953.111906; CH
ffc0c069-8346-8443-4ef9-de46e9f85593; 61; 104868.377321; DE
f5078574-0ac1-ee33-ba15-5297050f255c; 31; 121025.992569; CH
2fb76f3f-1e59-4dcc-91ed-b0da7368147f; 47; 114192.274978; FR
cd75a88d-1a7c-cef1-61e8-b2eecbd80842; 21; 106049.711674; CH
6c9d65fb-129b-895c-2c6d-0f0f78f3d7a9; 29; 139806.456650; CH
1a00aeec-9958-3bc3-1fc5-8b953b8c7266; 57; 103846.987352; DE
b32584b7-f59c-c3b6-f636-ad3eb0a06e24; 35; 157346.941991; CH
06f740a1-9a13-8f3b-2b6a-a8070b76b60d; 51; 154278.714493; CH
826e4b47-ede6-7cdf-410d-9e2deb7786ea; 34; 48134.892284; FR
d2ad39d8-8d9c-2ed1-4ae2-7ad0c59d8141; 37; 122450.886207; CH
41c9ca64-8dcb-2d72-9403-8369f12c0064; 49; 199552.393422; CH
5966a1ef-c579-f2c4-33a4-2bf02968c189; 51; 168250.414931; CH
b88cac94-6932-3e1f-b748-ce84d729ff45; 28; 70959.481769; CH
5631c566-ee6b-b172-002a-bfb98968defe; 60; 226695.526217; US
81c1938a-2174-3bf1-01e8-55b32754ad8a; 49; 154039.103539; CH
3a445b83-41ac-a11c-d25f-063f53b6c96e; 51; 207100.379477; US
8991ebc2-23f2-4a51-5711-d333aad357f7; 65; 140563.572697; FR
c16d4be2-af49-90e1-1dac-58b98a390fc5; 48; 97127.446643; FR
4bf98e50-154d-e215-8013-fd9b062cd359; 73; 138230.800403; FR
d0aeaf76-7475-e265-0eff-62d11bc4a6d4; 38; 148447.496799; CH
e3cc4930-d3d9-7836-c8f7-085b6e23228e; 39; 170143.426341; CH
ebbe8084-9313-bb73-59a5-e7d485cb280b; 43; 46657.332355; FR
2466b1af-0a7e-e4cc-ea12-45a665a11e4c; 56; 130421.898758; CH
08acfedd-d763-ed8d-36e0-7d651b4b8613; 56; 68629.619824; DE
e0f6bc90-4015-db8e-d82c-1087c64526f5; 40; 115973.547032; CH
2a0a4fe0-8460-d8f6-d463-80f0f8bbdec8; 41; 110441.151008; CH
6afe2229-805f-b5f4-6f9d-284da10a561c; 47; 192096.150691; CH
36b440b1-7c67-46b8-c954-3f61d3b88db4; 45; 192315.991936; US
4bf98e50-154d-e215-8013-fd9b062cd359; 45; 132153.866935; LI
3ad60516-3605-ec1e-d7b9-3d049669e34e; 68; 209608.778680; US
fec91c54-c302-76a0-68af-fbe3061e3ded; 37; 49773.171842; FR
9b50fbda-b65d-d4eb-a1b0-8d715353c331; 64; 167654.933675; CH
e0f6bc90-4015-db8e-d82c-1087c64526f5; 56; 164966.933789; CH
3c1692a9-d8d0-e7ed-bbdf-738634fdcfb5; 50; 62610.552713; DE
4897d570-2ace-ad89-ebd5-99425683c5d6; 59; 155130.067132; CH
d05ab566-9486-9be0-fbf7-9446f5b7ebd4; 50; 188292.814049; CH
3c59ec2c-ac1f-25ce-cf77-bb2144e19319; 55; 146588.552574; CH
27a349f0-aad9-0aa2-6911-229d878aa76a; 32; 54353.760566; FR
0cf49f1b-b364-c72c-2e88-f6f1e414ebe3; 45; 201595.498092; US
418baa0a-f73a-81ef-f68d-3c0fe54786de; 36; 63391.446094; CH
06f740a1-9a13-8f3b-2b6a-a8070b76b60d; 41; 45567.228696; FR
2d51c7fa-0dd3-ee3f-320c-0bd2a994cf31; 71; 98827.884127; FR
40bd355a-98e7-bfaa-b53a-cadce409587e; 73; 229190.213088; US
cdd8e6ec-e2d3-5c90-431f-ed87a056a7e4; 59; 143520.220178; CH
2405ad6d-70d2-542d-91d3-28da2453059a; 54; 127123.590969; DE
492cc69d-878b-bff2-ad41-cf45c0d3d85d; 83; 105063.137161; FR
213a860b-f945-8f57-8e02-e931c1935a42; 47; 152543.009348; CH
e3cc4930-d3d9-7836-c8f7-085b6e23228e; 55; 232679.282927; CH
b1aaacce-75ac-456e-a7bc-864c5f9616f8; 46; 194905.838913; LI
d8324b30-5f63-48e4-e8d5-a733b2404c15; 63; 121000.704751; DE
27d472a2-5337-180e-627e-8617626c1e88; 34; 150507.571695; CH
e82b249a-3ed9-477d-f244-d8d284f0b6ea; 50; 164166.670077; FR
a9bca870-fae4-1986-c231-c361d5afca35; 21; 119155.336289; CH
5883b750-ed2d-2a96-a081-4abf6274ba03; 78; 120707.563688; DE
7ab679c9-19fd-928f-cf4b-f1680d1a0215; 16; 138322.356429; LI
9f8bb513-c229-68f7-19fa-211c28dca541; 53; 232764.730805; US
febd270b-00f3-706d-70cb-2e8d5659876f; 52; 173463.028435; CH
bb38bbd8-25d0-cc66-0b07-71ee70aff41d; 50; 61444.972297; DE
ebc742e7-dcb4-f08f-f10f-a0c2e46983fa; 42; 157500.941631; CH
2544837e-dd6d-ee5f-07e2-95cad01a2e85; 45; 145286.960346; CH
76a68e72-db95-cb68-1741-2d7d8c787423; 24; 136774.508599; CH
27d472a2-5337-180e-627e-8617626c1e88; 27; 43304.543017; FR
0cf49f1b-b364-c72c-2e88-f6f1e414ebe3; 50; 121595.498092; DE
3a445b83-41ac-a11c-d25f-063f53b6c96e; 46; 175916.982897; CH
0df02289-85ca-9731-15f4-ed5a9da9454e; 70; 201210.576277; US
bb495cff-ee24-ae29-12e7-344f26b0a933; 46; 128005.295937; CH
3ad60516-3605-ec1e-d7b9-3d049669e34e; 73; 129608.778680; FR
67f16e94-673e-534b-2076-fcf08e0acee0; 48; 128426.697442; CH
22c44a69-49ea-93b0-219e-1a3da5bd4825; 46; 154282.248122; CH
0cff15f1-f1f3-7c77-b331-21dbb82b0189; 33; 66943.441915; FR
3d7da680-4837-18be-1836-b6a033d090a8; 72; 155924.272767; DE
ca967308-8996-f20a-ae41-c64b01832dc2; 72; 169344.690314; DE
2699eeaf-aa82-21d3-3207-eb35b74b30f7; 15; 105337.271780; CH
e063999d-2291-403a-8d48-9a1c8e8fe070; 57; 161516.196076; US
002f6006-d9f7-4cfb-4208-fa83274c325a; 65; 223423.245659; US
075cb03c-265f-b443-14b2-db23d4ca490d; 64; 211130.170670; US
2db3db7f-621c-844c-963c-d7729778138b; 42; 136514.891524; CH
2544837e-dd6d-ee5f-07e2-95cad01a2e85; 68; 237930.440519; US
ddff8cd5-1cde-a56c-aa21-d596613148cd; 49; 184527.575215; US
cdd8e6ec-e2d3-5c90-431f-ed87a056a7e4; 42; 98816.176143; CH
5966a1ef-c579-f2c4-33a4-2bf02968c189; 61; 117900.497917; DE
069ab95d-6e30-dbcf-e6c8-14e804c1cb81; 66; 84904.332405; FR
e1b87b6d-9e61-183e-48a7-c6bc656e3dbf; 57; 161291.236375; CH
d3a06739-9bcd-19b6-a17f-450a58757185; 24; 113720.033952; CH
d05ab566-9486-9be0-fbf7-9446f5b7ebd4; 35; 134634.251239; CH
